{"Fid":"fucdc-wuSJiMSGJ_2FELwz","Status":3,"AuthToken":"eyJhbGciOiJFUzI1NiIsInR5cCI6IkpXVCJ9.eyJhcHBJZCI6IjE6NjM2ODEzODMyNjYyOmFuZHJvaWQ6NmVlMWZhZWNlZGIzYjFkYmZjNzQ3NyIsImV4cCI6MTc2MTIwOTI1OCwiZmlkIjoiZnVjZGMtd3VTSmlNU0dKXzJGRUx3eiIsInByb2plY3ROdW1iZXIiOjYzNjgxMzgzMjY2Mn0.AB2LPV8wRQIgLGgFXYmemK_9p39a3y8nBZiSQERNmsM5UgwHg3ny8ZQCIQDrGdeA3k0I5htK_Ev0ipMGSR49hv6ci30k7dhsJZyBig","RefreshToken":"3_AS3qfwJajRNgBciJ6gHVeQDFd99Ugj7FT9AswY8MoMHZXSHPHO-9d_nRgvW5Q6BtPq0872C7vACRvTHePbySikPHNLBxecmyFkWGkfpPGU8ZKEQ","TokenCreationEpochInSecs":1760604458,"ExpiresInSecs":604800}