<?xml version='1.0' encoding='utf-8' standalone='yes' ?>
<map>
    <string name="prev_event_name">af_login</string>
    <long name="prev_event_timestamp" value="7269288012000" />
    <int name="appsFlyerInAppEventCount" value="4" />
    <long name="prev_session_dur" value="6" />
    <string name="afUninstallToken">fucdc-wuSJiMSGJ_2FELwz:APA91bHsvp19GiUtBSw4yCZ6nw0mj9QzkPGuSHHReE2vNROgoh9BMrQnQnntTsrE3BnpPLfrYPgevKiBnuxL-2D7wX3ZeCWj9usOzL16uFYdwiRGN1BtKLo</string>
    <boolean name="ddl_sent" value="true" />
    <long name="af_rc_max_age" value="86400" />
    <string name="sentSuccessfully">true</string>
    <int name="versionCode" value="240011311" />
    <string name="af_remote_config">eyJmZWF0dXJlcyI6e30sInZlciI6ImRlZmF1bHQudjEuMTYzNzE0OTUyOSJ9</string>
    <boolean name="sentRegisterRequestToAF" value="true" />
    <string name="savedProperties">{&quot;uid&quot;:&quot;1755884038287-3677898746495966499&quot;,&quot;waitForCustomerId&quot;:&quot;false&quot;,&quot;logLevel&quot;:&quot;0&quot;,&quot;AppUserId&quot;:&quot;123550403&quot;}</string>
    <string name="AF_INSTALLATION">1755884038287-3677898746495966499</string>
    <boolean name="afUninstallToken_queued" value="false" />
    <int name="appsFlyerCount" value="11" />
    <long name="af_rc_timestamp" value="1760604458280" />
    <long name="AppsFlyerTimePassedSincePrevLaunch" value="1760604459076" />
    <boolean name="newGPReferrerSent" value="true" />
    <string name="appsFlyerFirstInstall">2025-08-22_230358+0530</string>
    <long name="afUninstallToken_received_time" value="1760604462172" />
    <string name="attributionId">{&quot;install_time&quot;:&quot;2025-08-22 17:34:06.723&quot;,&quot;af_message&quot;:&quot;organic install&quot;,&quot;af_status&quot;:&quot;Organic&quot;,&quot;is_first_launch&quot;:false}</string>
</map>
